{
  "pr_auc": 0.17397559719393024,
  "roc_auc": 0.7566667110627883,
  "sensitivity": 0.1496540842335235,
  "specificity": 0.9891065322973465,
  "precision": 0.3486497949950516,
  "f1": 0.20941785911426267,
  "brier": 0.09015055206701536,
  "threshold": 0.7861328125,
  "tn": 418307,
  "fp": 4607,
  "fn": 14012,
  "tp": 2466,
  "false_alarms_per_hour": 3.774579418833297
}