{
  "pr_auc": 0.31818371395599043,
  "roc_auc": 0.7802679975652749,
  "sensitivity": 0.2822551280495206,
  "specificity": 0.9823108244229323,
  "precision": 0.3833663039894494,
  "f1": 0.3251310730513806,
  "brier": 0.1284134507387556,
  "threshold": 0.8775817155838013,
  "tn": 415433,
  "fp": 7481,
  "fn": 11827,
  "tp": 4651,
  "false_alarms_per_hour": 6.129287743063142,
  "tta_flip": true
}