{
  "pr_auc": 0.45983750479450863,
  "roc_auc": 0.859396973430901,
  "sensitivity": 0.33626653720111666,
  "specificity": 0.9933627167698398,
  "precision": 0.6637517968375659,
  "f1": 0.44638685249335375,
  "brier": 0.13331583736402622,
  "threshold": 0.9192084670066833,
  "tn": 420107,
  "fp": 2807,
  "fn": 10937,
  "tp": 5541,
  "false_alarms_per_hour": 2.299814288835482,
  "smooth_seconds": 15.0,
  "smooth_mode": "max",
  "tta_flip": true
}