{
  "pr_auc": 0.19606682530379668,
  "prg_auc": 0.9822243608571992,
  "roc_auc": 0.8196693420616513,
  "prevalence": 0.019169218724815217,
  "pr_lift": 10.228211598941245,
  "sensitivity": 0.2233033033033033,
  "specificity": 0.9856866174450952,
  "precision": 0.23366013071895425,
  "f1": 0.22836435108408573,
  "brier": 0.15175803864649792,
  "threshold": 0.9097468256950378,
  "tn": 419868,
  "fp": 6097,
  "fn": 6466,
  "tp": 1859,
  "false_alarms_per_hour": 5.0540422298464165,
  "false_alarms_per_24h": 121.297013516314,
  "precision_at_recall_r50": 0.10622150915527033,
  "recall_at_recall_r50": 0.501021021021021,
  "threshold_at_recall_r50": 0.773729681968689,
  "fp_per_24h_at_recall_r50": 698.2187938934813,
  "fp_per_hour_at_recall_r50": 29.092449745561723,
  "precision_at_recall_r70": 0.060966807192995305,
  "recall_at_recall_r70": 0.70006006006006,
  "threshold_at_recall_r70": 0.5602526664733887,
  "fp_per_24h_at_recall_r70": 1785.8334292753689,
  "fp_per_hour_at_recall_r70": 74.40972621980704,
  "precision_at_recall_r80": 0.04594641194523949,
  "recall_at_recall_r80": 0.8002402402402402,
  "threshold_at_recall_r80": 0.3278834819793701,
  "fp_per_24h_at_recall_r80": 2752.071472978885,
  "fp_per_hour_at_recall_r80": 114.66964470745354,
  "precision_at_recall_r90": 0.03261616926464573,
  "recall_at_recall_r90": 0.9003003003003003,
  "threshold_at_recall_r90": 0.10194652527570724,
  "fp_per_24h_at_recall_r90": 4422.536461811233,
  "fp_per_hour_at_recall_r90": 184.272352575468,
  "n_windows": 434290.0,
  "event_tp": 312.0,
  "event_fn": 309.0,
  "event_fp": 4448.0,
  "event_sensitivity": 0.5024154589371981,
  "event_precision": 0.06554621848739496,
  "n_ref_events": 621.0,
  "n_pred_events": 4760.0,
  "event_fa_per_24h": 88.49091620806374,
  "merge_gap_seconds": 30.0,
  "min_duration_seconds": 10.0,
  "pre_tolerance": 30.0,
  "post_tolerance": 30.0,
  "smooth_seconds": 15.0,
  "smooth_mode": "max",
  "tta_flip": true
}